<component name="InspectionProjectProfileManager">
  <profile version="1.0" is_locked="false">
    <option name="myName" value="Project Default" />
    <option name="myLocal" value="false" />
    <inspection_tool class="LoggerInitializedWithForeignClass" enabled="false" level="WARNING" enabled_by_default="false">
      <option name="loggerClassName" value="org.apache.log4j.Logger,org.slf4j.LoggerFactory,org.apache.commons.logging.LogFactory,java.util.logging.Logger" />
      <option name="loggerFactoryMethodName" value="getLogger,getLogger,getLog,getLogger" />
    </inspection_tool>
    <inspection_tool class="UnnecessarySuperQualifier" enabled="true" level="WARNING" enabled_by_default="true" />
    <inspection_tool class="UnnecessaryThis" enabled="true" level="WARNING" enabled_by_default="true" />
  </profile>
</component>