<?xml version="1.0" encoding="UTF-8"?>
<project version="4">
  <component name="ProjectCodeStyleSettingsManager">
    <option name="PER_PROJECT_SETTINGS">
      <value>
        <ECMA4CodeStyleSettings>
          <option name="INDENT_PACKAGE_CHILDREN" value="1" />
        </ECMA4CodeStyleSettings>
        <XML>
          <option name="XML_LEGACY_SETTINGS_IMPORTED" value="true" />
        </XML>
        <codeStyleSettings language="ECMA Script Level 4">
          <option name="BLANK_LINES_AFTER_PACKAGE" value="1" />
          <option name="BLANK_LINES_BEFORE_IMPORTS" value="0" />
          <indentOptions>
            <option name="INDENT_SIZE" value="2" />
            <option name="CONTINUATION_INDENT_SIZE" value="4" />
            <option name="TAB_SIZE" value="2" />
          </indentOptions>
        </codeStyleSettings>
        <codeStyleSettings language="XML">
          <indentOptions>
            <option name="INDENT_SIZE" value="2" />
            <option name="CONTINUATION_INDENT_SIZE" value="4" />
            <option name="TAB_SIZE" value="2" />
          </indentOptions>
        </codeStyleSettings>
      </value>
    </option>
    <option name="USE_PER_PROJECT_SETTINGS" value="true" />
  </component>
</project>