<?xml version="1.0" encoding="UTF-8"?>
<project version="4">
  <component name="ChangeListManager">
    <list default="true" id="4efb8a67-8ea0-41eb-b5a0-7b876d31aafb" name="Default" comment="" />
    <ignored path="RealmClient.iws" />
    <ignored path=".idea/workspace.xml" />
    <ignored path="$PROJECT_DIR$/out/" />
    <ignored path="$PROJECT_DIR$/bin/" />
    <ignored path="$PROJECT_DIR$/bin-debug/" />
    <ignored path="$PROJECT_DIR$/bin-release/" />
    <ignored path=".idea/dataSources.local.xml" />
    <option name="EXCLUDED_CONVERTED_TO_IGNORED" value="true" />
    <option name="TRACKING_ENABLED" value="true" />
    <option name="SHOW_DIALOG" value="false" />
    <option name="HIGHLIGHT_CONFLICTS" value="true" />
    <option name="HIGHLIGHT_NON_ACTIVE_CHANGELIST" value="false" />
    <option name="LAST_RESOLUTION" value="IGNORE" />
  </component>
  <component name="CreatePatchCommitExecutor">
    <option name="PATCH_PATH" value="" />
  </component>
  <component name="ErrorTreeViewConfiguration">
    <option name="hideWarnings" value="true" />
    <option name="HIDE_WARNINGS" value="true" />
  </component>
  <component name="FavoritesManager">
    <favorites_list name="Animated Weapon File">
      <favorite_root url="file://$PROJECT_DIR$/src/_qD_" module="RealmClient" type="directory" klass="com.intellij.ide.projectView.impl.nodes.PsiDirectoryNode">
        <favorite_root url="file://$PROJECT_DIR$/src/_qD_/_s_.as" type="psiFile" klass="com.intellij.ide.projectView.impl.nodes.PsiFileNode" />
        <favorite_root url="file://$PROJECT_DIR$/src/_qD_/_wo.as" type="psiFile" klass="com.intellij.ide.projectView.impl.nodes.PsiFileNode" />
        <favorite_root url="file://$PROJECT_DIR$/src/_qD_/_E_b.as" type="psiFile" klass="com.intellij.ide.projectView.impl.nodes.PsiFileNode" />
        <favorite_root url="file://$PROJECT_DIR$/src/_qD_/_eF_.as" type="psiFile" klass="com.intellij.ide.projectView.impl.nodes.PsiFileNode" />
        <favorite_root url="file://$PROJECT_DIR$/src/_qD_/_L_e.as" type="psiFile" klass="com.intellij.ide.projectView.impl.nodes.PsiFileNode" />
        <favorite_root url="file://$PROJECT_DIR$/src/_qD_/_Q_8.as" type="psiFile" klass="com.intellij.ide.projectView.impl.nodes.PsiFileNode" />
        <favorite_root url="file://$PROJECT_DIR$/src/_qD_/_03Y_.as" type="psiFile" klass="com.intellij.ide.projectView.impl.nodes.PsiFileNode" />
        <favorite_root url="file://$PROJECT_DIR$/src/_qD_/_0I_l.as" type="psiFile" klass="com.intellij.ide.projectView.impl.nodes.PsiFileNode" />
        <favorite_root url="file://$PROJECT_DIR$/src/_qD_/_J_B_.as" type="psiFile" klass="com.intellij.ide.projectView.impl.nodes.PsiFileNode" />
        <favorite_root url="file://$PROJECT_DIR$/src/_qD_/_X_K_.as" type="psiFile" klass="com.intellij.ide.projectView.impl.nodes.PsiFileNode" />
        <favorite_root url="file://$PROJECT_DIR$/src/_qD_/_0I_l.png" type="psiFile" klass="com.intellij.ide.projectView.impl.nodes.PsiFileNode" />
      </favorite_root>
    </favorites_list>
    <favorites_list name="RealmClient">
      <favorite_root url="file://$PROJECT_DIR$/src/_qD_" module="RealmClient" type="directory" klass="com.intellij.ide.projectView.impl.nodes.PsiDirectoryNode">
        <favorite_root url="file://$PROJECT_DIR$/src/_qD_/_s_.as" type="psiFile" klass="com.intellij.ide.projectView.impl.nodes.PsiFileNode" />
        <favorite_root url="file://$PROJECT_DIR$/src/_qD_/_wo.as" type="psiFile" klass="com.intellij.ide.projectView.impl.nodes.PsiFileNode" />
        <favorite_root url="file://$PROJECT_DIR$/src/_qD_/_E_b.as" type="psiFile" klass="com.intellij.ide.projectView.impl.nodes.PsiFileNode" />
        <favorite_root url="file://$PROJECT_DIR$/src/_qD_/_eF_.as" type="psiFile" klass="com.intellij.ide.projectView.impl.nodes.PsiFileNode" />
        <favorite_root url="file://$PROJECT_DIR$/src/_qD_/_L_e.as" type="psiFile" klass="com.intellij.ide.projectView.impl.nodes.PsiFileNode" />
        <favorite_root url="file://$PROJECT_DIR$/src/_qD_/_Q_8.as" type="psiFile" klass="com.intellij.ide.projectView.impl.nodes.PsiFileNode" />
        <favorite_root url="file://$PROJECT_DIR$/src/_qD_/_03Y_.as" type="psiFile" klass="com.intellij.ide.projectView.impl.nodes.PsiFileNode" />
        <favorite_root url="file://$PROJECT_DIR$/src/_qD_/_0I_l.as" type="psiFile" klass="com.intellij.ide.projectView.impl.nodes.PsiFileNode" />
        <favorite_root url="file://$PROJECT_DIR$/src/_qD_/_J_B_.as" type="psiFile" klass="com.intellij.ide.projectView.impl.nodes.PsiFileNode" />
        <favorite_root url="file://$PROJECT_DIR$/src/_qD_/_X_K_.as" type="psiFile" klass="com.intellij.ide.projectView.impl.nodes.PsiFileNode" />
        <favorite_root url="file://$PROJECT_DIR$/src/_qD_/_0I_l.png" type="psiFile" klass="com.intellij.ide.projectView.impl.nodes.PsiFileNode" />
      </favorite_root>
    </favorites_list>
  </component>
  <component name="FileEditorManager">
    <leaf SIDE_TABS_SIZE_LIMIT_KEY="300">
      <file leaf-file-name="GiveBox.as" pinned="false" current-in-tab="false">
        <entry file="file://$PROJECT_DIR$/src/_0D_d/GiveBox.as">
          <provider selected="true" editor-type-id="text-editor">
            <state relative-caret-position="442">
              <caret line="28" column="21" lean-forward="false" selection-start-line="28" selection-start-column="21" selection-end-line="28" selection-end-column="21" />
              <folding>
                <element signature="e#64#93#0" expanded="true" />
              </folding>
            </state>
          </provider>
        </entry>
      </file>
      <file leaf-file-name="Options.as" pinned="false" current-in-tab="false">
        <entry file="file://$PROJECT_DIR$/src/_0C_P_/Options.as">
          <provider selected="true" editor-type-id="text-editor">
            <state relative-caret-position="3043">
              <caret line="206" column="37" lean-forward="false" selection-start-line="206" selection-start-column="29" selection-end-line="206" selection-end-column="37" />
              <folding />
            </state>
          </provider>
        </entry>
      </file>
      <file leaf-file-name="Parameters.as" pinned="false" current-in-tab="true">
        <entry file="file://$PROJECT_DIR$/src/com/company/assembleegameclient/parameters/Parameters.as">
          <provider selected="true" editor-type-id="text-editor">
            <state relative-caret-position="969">
              <caret line="86" column="14" lean-forward="true" selection-start-line="86" selection-start-column="14" selection-end-line="86" selection-end-column="14" />
              <folding />
            </state>
          </provider>
        </entry>
      </file>
      <file leaf-file-name="PacketManager.as" pinned="false" current-in-tab="false">
        <entry file="file://$PROJECT_DIR$/src/com/company/assembleegameclient/net/PacketManager.as">
          <provider selected="true" editor-type-id="text-editor">
            <state relative-caret-position="289">
              <caret line="194" column="40" lean-forward="false" selection-start-line="194" selection-start-column="40" selection-end-line="194" selection-end-column="40" />
              <folding />
            </state>
          </provider>
        </entry>
      </file>
      <file leaf-file-name="GiveBoxSearcher.as" pinned="false" current-in-tab="false">
        <entry file="file://$PROJECT_DIR$/src/_0D_d/GiveBoxSearcher.as">
          <provider selected="true" editor-type-id="text-editor">
            <state relative-caret-position="1615">
              <caret line="105" column="23" lean-forward="false" selection-start-line="105" selection-start-column="23" selection-end-line="105" selection-end-column="23" />
              <folding />
            </state>
          </provider>
        </entry>
      </file>
      <file leaf-file-name="DataChooser.as" pinned="false" current-in-tab="false">
        <entry file="file://$PROJECT_DIR$/src/_0D_d/DataChooser.as">
          <provider selected="true" editor-type-id="text-editor">
            <state relative-caret-position="1139">
              <caret line="83" column="11" lean-forward="false" selection-start-line="83" selection-start-column="11" selection-end-line="83" selection-end-column="11" />
              <folding />
            </state>
          </provider>
        </entry>
      </file>
      <file leaf-file-name="BitmapUtil.as" pinned="false" current-in-tab="false">
        <entry file="file://$PROJECT_DIR$/src/com/company/util/BitmapUtil.as">
          <provider selected="true" editor-type-id="text-editor">
            <state relative-caret-position="187">
              <caret line="16" column="25" lean-forward="false" selection-start-line="16" selection-start-column="25" selection-end-line="16" selection-end-column="25" />
              <folding />
            </state>
          </provider>
        </entry>
      </file>
      <file leaf-file-name="Frame.as" pinned="false" current-in-tab="false">
        <entry file="file://$PROJECT_DIR$/src/_0D_d/Frame.as">
          <provider selected="true" editor-type-id="text-editor">
            <state relative-caret-position="663">
              <caret line="58" column="24" lean-forward="false" selection-start-line="58" selection-start-column="24" selection-end-line="58" selection-end-column="24" />
              <folding />
            </state>
          </provider>
        </entry>
      </file>
      <file leaf-file-name="ObjectLibrary.as" pinned="false" current-in-tab="false">
        <entry file="file://$PROJECT_DIR$/src/com/company/assembleegameclient/objects/ObjectLibrary.as">
          <provider selected="true" editor-type-id="text-editor">
            <state relative-caret-position="680">
              <caret line="56" column="24" lean-forward="false" selection-start-line="56" selection-start-column="24" selection-end-line="56" selection-end-column="24" />
              <folding />
            </state>
          </provider>
        </entry>
      </file>
      <file leaf-file-name="_U_c.as" pinned="false" current-in-tab="false">
        <entry file="file://$PROJECT_DIR$/src/_ke/_U_c.as">
          <provider selected="true" editor-type-id="text-editor">
            <state relative-caret-position="153">
              <caret line="10" column="24" lean-forward="false" selection-start-line="10" selection-start-column="24" selection-end-line="10" selection-end-column="24" />
              <folding />
            </state>
          </provider>
        </entry>
      </file>
    </leaf>
  </component>
  <component name="FileTemplateManagerImpl">
    <option name="RECENT_TEMPLATES">
      <list>
        <option value="ActionScript Class" />
      </list>
    </option>
  </component>
  <component name="FindInProjectRecents">
    <findStrings>
      <find>background2</find>
      <find>_lM_</find>
      <find>org</find>
      <find>.org</find>
      <find>containers</find>
      <find>org.bytearray.</find>
      <find>URLRequest</find>
      <find>embed</find>
      <find>Bindable</find>
      <find>.png&quot;</find>
      <find>2.1.1</find>
      <find>xdfu</find>
      <find>/itemresu</find>
      <find>/itemResult</find>
      <find>_arg4</find>
      <find>GiveBoxSearcher</find>
      <find>getRedrawnTextureFromTypeCustom</find>
      <find>GraphicsUtil</find>
      <find>searchitem</find>
      <find>FrameHolder(</find>
      <find>in order to choose</find>
      <find>/craft</find>
      <find>_J_O_</find>
      <find>giveitem</find>
      <find>sWidth</find>
      <find>Button1</find>
      <find>ITEMS_</find>
      <find>giveItem</find>
      <find>splice</find>
      <find>146.71.76.201</find>
    </findStrings>
    <dirStrings>
      <dir>C:\Users\Mike\Documents\GitHub\Project-b-client-master</dir>
      <dir>W:\GitHub\Project-b-master\client-source</dir>
    </dirStrings>
  </component>
  <component name="Git.Settings">
    <option name="ROOT_SYNC" value="DONT_SYNC" />
    <option name="RECENT_GIT_ROOT_PATH" value="$PROJECT_DIR$/.." />
  </component>
  <component name="GradleLocalSettings">
    <option name="externalProjectsViewState">
      <projects_view />
    </option>
  </component>
  <component name="IdeDocumentHistory">
    <option name="CHANGED_PATHS">
      <list>
        <option value="$PROJECT_DIR$/src/com/company/assembleegameclient/ui/_1B_v.as" />
        <option value="$PROJECT_DIR$/src/_0L_C_/_gE_.as" />
        <option value="$PROJECT_DIR$/src/zerorealms/rotmg/assets/_shaitanXML.dat" />
        <option value="$PROJECT_DIR$/src/zerorealms/rotmg/assets/_G_z.dat" />
        <option value="$PROJECT_DIR$/src/zerorealms/rotmg/assets/shtrs_mobs.xml" />
        <option value="$PROJECT_DIR$/src/zerorealms/rotmg/assets/shtrs_tiles.dat" />
        <option value="$PROJECT_DIR$/src/zerorealms/rotmg/assets/_shtrs_mobs.as" />
        <option value="$PROJECT_DIR$/src/zerorealms/rotmg/assets/_shtrs_tiles.as" />
        <option value="$PROJECT_DIR$/src/zerorealms/rotmg/assets/DataEmbeds.as" />
        <option value="$PROJECT_DIR$/src/zerorealms/rotmg/assets/_shtrs_tiles.dat" />
        <option value="$PROJECT_DIR$/src/zerorealms/rotmg/assets/_floors.dat" />
        <option value="$PROJECT_DIR$/src/zerorealms/rotmg/assets/_shtrs_mobs.dat" />
        <option value="$PROJECT_DIR$/src/_0D_B_/_06M_.as" />
        <option value="$PROJECT_DIR$/src/_zm/_fp.as" />
        <option value="$PROJECT_DIR$/src/_sP_/_if.as" />
        <option value="$PROJECT_DIR$/src/com/company/assembleegameclient/ui/_ej.as" />
        <option value="$PROJECT_DIR$/src/com/company/assembleegameclient/ui/_0B_X_.as" />
        <option value="$PROJECT_DIR$/src/_0C_P_/Options.as" />
        <option value="$PROJECT_DIR$/src/zerorealms/rotmg/assets/_custom_mobs.dat" />
        <option value="$PROJECT_DIR$/src/zerorealms/rotmg/assets/EmbeddedAssets_ghostsEmbed_.as" />
        <option value="$PROJECT_DIR$/src/MapBackgrounds/Background.as" />
        <option value="$PROJECT_DIR$/src/MapBackgrounds/_Weather/Weather_ghost.as" />
        <option value="$PROJECT_DIR$/src/zerorealms/rotmg/assets/_MiscXML.dat" />
        <option value="$PROJECT_DIR$/src/com/company/assembleegameclient/game/GameSprite.as" />
        <option value="$PROJECT_DIR$/src/_nA_/_eX_1_.as" />
        <option value="$PROJECT_DIR$/src/_E_7/EquipmentToolTip.as" />
        <option value="$PROJECT_DIR$/src/_nA_/_xI_.as" />
        <option value="$PROJECT_DIR$/src/zerorealms/rotmg/assets/EmbeddedAssets_HalloweenEffects16x16Embed_.as" />
        <option value="$PROJECT_DIR$/src/zerorealms/rotmg/assets/AssetEmbeds.as" />
        <option value="$PROJECT_DIR$/src/com/company/assembleegameclient/util/loadEmbeds.as" />
        <option value="$PROJECT_DIR$/src/zerorealms/rotmg/assets/EmbeddedData_skinsEmbed_.dat" />
        <option value="$PROJECT_DIR$/src/zerorealms/rotmg/assets/_items.dat" />
        <option value="$PROJECT_DIR$/src/Halloween/PandaGif.as" />
        <option value="$PROJECT_DIR$/src/backgroundHalloween.as" />
        <option value="$PROJECT_DIR$/src/gif/encoder/GIFDecoder.as" />
        <option value="$PROJECT_DIR$/src/gif/encoder/LZWEncoder.as" />
        <option value="$PROJECT_DIR$/src/gif/encoder/NeuQuant.as" />
        <option value="$PROJECT_DIR$/src/gif/encoder/GIFEncoder.as" />
        <option value="$PROJECT_DIR$/src/gif/errors/FileTypeError.as" />
        <option value="$PROJECT_DIR$/src/gif/events/FileTypeEvent.as" />
        <option value="$PROJECT_DIR$/src/gif/events/GIFPlayerEvent.as" />
        <option value="$PROJECT_DIR$/src/gif/events/TimeoutEvent.as" />
        <option value="$PROJECT_DIR$/src/gif/frames/GIFFrame.as" />
        <option value="$PROJECT_DIR$/src/gif/player/GIFPlayer.as" />
        <option value="$PROJECT_DIR$/src/gif/events/FrameEvent.as" />
        <option value="$PROJECT_DIR$/src/gif/decoder/GIFDecoder.as" />
        <option value="$PROJECT_DIR$/src/com/company/assembleegameclient/net/PacketManager.as" />
        <option value="$PROJECT_DIR$/src/_02t/_lM_.as" />
        <option value="$PROJECT_DIR$/src/_custom_commands/SetGiveContainerUI.as" />
        <option value="$PROJECT_DIR$/src/com/company/assembleegameclient/objects/ObjectLibrary.as" />
        <option value="$PROJECT_DIR$/src/com/company/assembleegameclient/parameters/Parameters.as" />
      </list>
    </option>
  </component>
  <component name="JsBuildToolGruntFileManager" detection-done="true" sorting="DEFINITION_ORDER" />
  <component name="JsBuildToolPackageJson" detection-done="true" sorting="DEFINITION_ORDER" />
  <component name="JsGulpfileManager">
    <detection-done>true</detection-done>
    <sorting>DEFINITION_ORDER</sorting>
  </component>
  <component name="ProjectFrameBounds" extendedState="6">
    <option name="x" value="235" />
    <option name="y" value="-18" />
    <option name="width" value="960" />
    <option name="height" value="665" />
  </component>
  <component name="ProjectLevelVcsManager" settingsEditedManually="true" />
  <component name="ProjectView">
    <navigator currentView="ProjectPane" proportions="" version="1">
      <flattenPackages />
      <showMembers />
      <showModules />
      <showLibraryContents />
      <hideEmptyPackages />
      <abbreviatePackageNames />
      <autoscrollToSource />
      <autoscrollFromSource />
      <sortByType />
      <manualOrder />
      <foldersAlwaysOnTop value="true" />
    </navigator>
    <panes>
      <pane id="ProjectPane">
        <subPane>
          <expand>
            <path>
              <item name="RealmClient" type="b2602c69:ProjectViewProjectNode" />
              <item name="client-source" type="462c0819:PsiDirectoryNode" />
            </path>
            <path>
              <item name="RealmClient" type="b2602c69:ProjectViewProjectNode" />
              <item name="client-source" type="462c0819:PsiDirectoryNode" />
              <item name="libs" type="462c0819:PsiDirectoryNode" />
            </path>
            <path>
              <item name="RealmClient" type="b2602c69:ProjectViewProjectNode" />
              <item name="client-source" type="462c0819:PsiDirectoryNode" />
              <item name="src" type="462c0819:PsiDirectoryNode" />
            </path>
          </expand>
          <select />
        </subPane>
      </pane>
      <pane id="AndroidView" />
      <pane id="Scope" />
      <pane id="PackagesPane" />
      <pane id="Scratches" />
    </panes>
  </component>
  <component name="PropertiesComponent">
    <property name="GoToClass.includeLibraries" value="false" />
    <property name="GoToClass.toSaveIncludeLibraries" value="false" />
    <property name="GoToFile.includeJavaFiles" value="false" />
    <property name="MemberChooser.sorted" value="false" />
    <property name="MemberChooser.showClasses" value="true" />
    <property name="MemberChooser.copyJavadoc" value="false" />
    <property name="aspect.path.notification.shown" value="true" />
    <property name="WebServerToolWindowFactoryState" value="false" />
    <property name="SearchEverywhereHistoryKey" value="parame&#9;FILE&#9;file://W:/GitHub/Project-B-Public/client-source/src/com/company/assembleegameclient/parameters/Parameters.as&#10;Marketplace&#9;FILE&#9;file://W:/GitHub/Project-b-master/client-source/src/com/company/assembleegameclient/ui/MarketplaceSlot.as&#10;GiveBox&#9;null&#9;null&#10;param&#9;null&#9;null&#10;options&#9;null&#9;null&#10;items&#9;FILE&#9;file://Z:/GitHub/Project-b-master/client-source/src/zerorealms/rotmg/assets/_items.dat&#10;_shtr&#9;FILE&#9;file://Z:/GitHub/Project-b-master/client-source/src/zerorealms/rotmg/assets/_shtrs_mobs.dat&#10;custom&#9;FILE&#9;file://Z:/GitHub/Project-b-master/client-source/src/zerorealms/rotmg/assets/_custom_mobs.dat&#10;player&#9;null&#9;null&#10;Param&#9;FILE&#9;file://Z:/GitHub/Project-b-master/client-source/src/com/company/assembleegameclient/parameters/Parameters.as&#10;Parame&#9;FILE&#9;file://Z:/GitHub/Project-b-master/client-source/src/com/company/assembleegameclient/parameters/Parameters.as&#10;Copyright&#9;null&#9;null&#10;item&#9;FILE&#9;file://Z:/GitHub/Project-b-master/client-source/src/zerorealms/rotmg/assets/_items.dat&#10;loadem&#9;FILE&#9;file://Z:/GitHub/Project-b-master/client-source/src/com/company/assembleegameclient/util/loadEmbeds.as&#10;_X_1&#9;null&#9;null&#10;Maphand&#9;null&#9;null&#10;GameSpri&#9;FILE&#9;file://Z:/GitHub/Project-b-master/client-source/src/com/company/assembleegameclient/game/GameSprite.as&#10;_p0&#9;null&#9;null&#10;mapinfo&#9;null&#9;null&#10;_T_W&#9;null&#9;null&#10;Gameobjec&#9;FILE&#9;file://Z:/GitHub/Project-b-master/client-source/src/com/company/assembleegameclient/objects/GameObject.as&#10;Stat&#9;FILE&#9;file://Z:/GitHub/Project-b-master/client-source/src/com/company/assembleegameclient/net/messages/data/StatData.as&#10;_E_6&#9;null&#9;null&#10;_061&#9;null&#9;null&#10;slot&#9;null&#9;null&#10;Gameobj&#9;FILE&#9;file://Z:/GitHub/Project-b-master/client-source/src/com/company/assembleegameclient/objects/GameObject.as&#10;statdata&#9;FILE&#9;file://Z:/GitHub/Project-b-master/client-source/src/com/company/assembleegameclient/net/messages/data/StatData.as&#10;_07a&#9;FILE&#9;file://Z:/GitHub/Project-b-master/client-source/src/com/company/assembleegameclient/game/_07a.as&#10;E_J&#9;null&#9;null&#10;skins&#9;FILE&#9;file://Z:/GitHub/Project-b-master/client-source/src/zerorealms/rotmg/assets/EmbeddedData_skinsEmbed_.dat&#10;copyright&#9;null&#9;null&#10;elders&#9;FILE&#9;file://Z:/GitHub/Project-b-master/client-source/src/zerorealms/rotmg/assets/_EldersXML.dat&#10;option&#9;FILE&#9;file://C:/Users/Skilly/Desktop/Project B/Project-b-master/client-source/src/_0C_P_/Options.as&#10;_0d&#9;FILE&#9;file://C:/Users/Skilly/Desktop/Project B/Project-b-master/client-source/src/com/company/assembleegameclient/map/_0D_v.as&#10;paramete&#9;FILE&#9;file://C:/Users/Skilly/Desktop/Project B/Project-b-master/client-source/src/com/company/assembleegameclient/parameters/Parameters.as&#10;para&#9;FILE&#9;file://C:/Users/Skilly/Desktop/Project B/Project-b-master/client-source/src/_E_7/_ap.as&#10;game&#9;FILE&#9;file://C:/Users/Skilly/Desktop/Project B/Project-b-master/client-source/src/com/company/assembleegameclient/game/GameSprite.as&#10;quest&#9;FILE&#9;file://C:/Users/Skilly/Documents/FLEX SDK/frameworks/projects/framework/src/mx/events/FocusRequestDirection.as&#10;pl&#9;FILE&#9;file://C:/Users/Skilly/Desktop/Project B/Project-b-master/client-source/src/com/company/assembleegameclient/objects/Player.as&#10;0dv&#9;FILE&#9;file://C:/Users/Skilly/Desktop/Project B/Project-b-master/client-source/src/com/company/assembleegameclient/map/_0D_v.as&#10;gam&#9;FILE&#9;file://C:/Users/Skilly/Desktop/Project B/Project-b-master/client-source/src/com/company/assembleegameclient/game/GameSprite.as&#10;_fora&#9;FILE&#9;file://C:/Users/Skilly/Desktop/Project B/Project-b-master/client-source/src/_E_7/_for_.as&#10;nexusba&#9;null&#9;null&#10;menu&#9;FILE&#9;file://C:/Users/Skilly/Desktop/Project B/Project-b-master/client-source/src/_0D_B_/Menu.as&#10;0d_v&#9;FILE&#9;file://C:/Users/Skilly/Desktop/Project B/Project-b-master/client-source/src/com/company/assembleegameclient/map/_0D_v.as&#10;face&#9;null&#9;null&#10;envi&#9;null&#9;null&#10;prot&#9;null&#9;null&#10;_y_w&#9;null&#9;null&#10;_for_&#9;null&#9;null" />
    <property name="recentsLimit" value="5" />
    <property name="restartRequiresConfirmation" value="true" />
    <property name="last_opened_file_path" value="$PROJECT_DIR$" />
    <property name="project.structure.last.edited" value="Modules" />
    <property name="project.structure.proportion" value="0.15" />
    <property name="project.structure.side.proportion" value="0.2" />
    <property name="settings.editor.selected.configurable" value="vcs.Git" />
    <property name="js.eslint.eslintPackage" value="" />
  </component>
  <component name="RecentsManager">
    <key name="CreateActionScriptClassDialog.DESTINATION_PACKAGE_RECENT_KEY">
      <recent name="" />
      <recent name="Halloween" />
      <recent name="zerorealms.rotmg.assets" />
      <recent name="MapBackgrounds._Weather" />
      <recent name="_R_v" />
    </key>
    <key name="MoveFile.RECENT_KEYS">
      <recent name="W:\GitHub\Project-b-master\client-source\src\gif\encoder" />
      <recent name="Z:\GitHub\Project-b-master\client-source\src\MapBackgrounds\Backgrounds" />
      <recent name="Z:\GitHub\Project-b-master\client-source\src\assets" />
      <recent name="Z:\GitHub\Project-b-master\client-source\src\com\hurlant\crypto\prng" />
      <recent name="Z:\GitHub\Project-b-master\client-source\src" />
    </key>
  </component>
  <component name="RunDashboard">
    <option name="ruleStates">
      <list>
        <RuleState>
          <option name="name" value="ConfigurationTypeDashboardGroupingRule" />
        </RuleState>
        <RuleState>
          <option name="name" value="StatusDashboardGroupingRule" />
        </RuleState>
      </list>
    </option>
  </component>
  <component name="RunManager" selected="Flash App.Project B">
    <configuration name="Project B" type="FlashRunConfigurationType" factoryName="Flash App">
      <option name="BCName" value="WebMain" />
      <option name="IOSSimulatorSdkPath" value="" />
      <option name="adlOptions" value="" />
      <option name="airProgramParameters" value="" />
      <option name="appDescriptorForEmulator" value="Android" />
      <option name="debugTransport" value="USB" />
      <option name="debuggerSdkRaw" value="BC SDK" />
      <option name="emulator" value="NexusOne" />
      <option name="emulatorAdlOptions" value="" />
      <option name="fastPackaging" value="true" />
      <option name="fullScreenHeight" value="0" />
      <option name="fullScreenWidth" value="0" />
      <option name="launchUrl" value="false" />
      <option name="launcherParameters">
        <LauncherParameters>
          <option name="browser" value="a7bb68e0-33c0-4d6f-a81a-aac1fdb870c8" />
          <option name="launcherType" value="OSDefault" />
          <option name="newPlayerInstance" value="false" />
          <option name="playerPath" value="FlashPlayerDebugger.exe" />
        </LauncherParameters>
      </option>
      <option name="mobileRunTarget" value="Emulator" />
      <option name="moduleName" value="RealmClient" />
      <option name="overriddenMainClass" value="" />
      <option name="overriddenOutputFileName" value="" />
      <option name="overrideMainClass" value="false" />
      <option name="runTrusted" value="true" />
      <option name="screenDpi" value="0" />
      <option name="screenHeight" value="0" />
      <option name="screenWidth" value="0" />
      <option name="url" value="http://" />
      <option name="usbDebugPort" value="7936" />
      <RunnerSettings RunnerId="FlexDebugRunner" />
      <RunnerSettings RunnerId="FlexRunner" />
      <ConfigurationWrapper RunnerId="FlexDebugRunner" />
      <ConfigurationWrapper RunnerId="FlexRunner" />
    </configuration>
    <configuration default="true" type="ArquillianJUnit" factoryName="">
      <extension name="coverage" enabled="false" merge="false" sample_coverage="true" runner="idea" />
      <module name="" />
      <option name="arquillianRunConfiguration">
        <value>
          <option name="containerStateName" value="" />
        </value>
      </option>
      <option name="ALTERNATIVE_JRE_PATH_ENABLED" value="false" />
      <option name="ALTERNATIVE_JRE_PATH" />
      <option name="PACKAGE_NAME" />
      <option name="MAIN_CLASS_NAME" />
      <option name="METHOD_NAME" />
      <option name="TEST_OBJECT" value="class" />
      <option name="VM_PARAMETERS" />
      <option name="PARAMETERS" />
      <option name="WORKING_DIRECTORY" />
      <option name="ENV_VARIABLES" />
      <option name="PASS_PARENT_ENVS" value="true" />
      <option name="TEST_SEARCH_SCOPE">
        <value defaultName="singleModule" />
      </option>
      <envs />
      <patterns />
    </configuration>
    <configuration default="true" type="Applet" factoryName="Applet">
      <module />
      <option name="HTML_USED" value="false" />
      <option name="WIDTH" value="400" />
      <option name="HEIGHT" value="300" />
      <option name="POLICY_FILE" value="$APPLICATION_HOME_DIR$/bin/appletviewer.policy" />
      <option name="ALTERNATIVE_JRE_PATH_ENABLED" value="false" />
    </configuration>
    <configuration default="true" type="Application" factoryName="Application">
      <extension name="coverage" enabled="false" merge="false" sample_coverage="true" runner="idea" />
      <option name="MAIN_CLASS_NAME" />
      <option name="VM_PARAMETERS" />
      <option name="PROGRAM_PARAMETERS" />
      <option name="WORKING_DIRECTORY" value="$PROJECT_DIR$" />
      <option name="ALTERNATIVE_JRE_PATH_ENABLED" value="false" />
      <option name="ALTERNATIVE_JRE_PATH" />
      <option name="ENABLE_SWING_INSPECTOR" value="false" />
      <option name="ENV_VARIABLES" />
      <option name="PASS_PARENT_ENVS" value="true" />
      <module name="" />
      <envs />
    </configuration>
    <configuration default="true" type="GrailsRunConfigurationType" factoryName="Grails">
      <setting name="vmparams" value="" />
      <setting name="cmdLine" value="run-app" />
      <setting name="passParentEnv" value="true" />
      <setting name="launchBrowser" value="false" />
      <setting name="launchBrowserUrl" value="" />
      <setting name="depsClasspath" value="false" />
      <extension name="coverage" enabled="false" merge="false" sample_coverage="true" runner="idea" />
    </configuration>
    <configuration default="true" type="js.build_tools.gulp" factoryName="Gulp.js">
      <node-interpreter>project</node-interpreter>
      <node-options />
      <gulpfile />
      <tasks />
      <arguments />
      <pass-parent-envs>true</pass-parent-envs>
      <envs />
    </configuration>
    <configuration default="true" type="JUnit" factoryName="JUnit">
      <extension name="coverage" enabled="false" merge="false" sample_coverage="true" runner="idea" />
      <module name="" />
      <option name="ALTERNATIVE_JRE_PATH_ENABLED" value="false" />
      <option name="ALTERNATIVE_JRE_PATH" />
      <option name="PACKAGE_NAME" />
      <option name="MAIN_CLASS_NAME" />
      <option name="METHOD_NAME" />
      <option name="TEST_OBJECT" value="class" />
      <option name="VM_PARAMETERS" value="-ea" />
      <option name="PARAMETERS" />
      <option name="WORKING_DIRECTORY" value="$PROJECT_DIR$" />
      <option name="ENV_VARIABLES" />
      <option name="PASS_PARENT_ENVS" value="true" />
      <option name="TEST_SEARCH_SCOPE">
        <value defaultName="moduleWithDependencies" />
      </option>
      <envs />
      <patterns />
    </configuration>
    <configuration default="true" type="#org.jetbrains.idea.devkit.run.PluginConfigurationType" factoryName="Plugin">
      <module name="" />
      <option name="VM_PARAMETERS" value="-Xmx512m -Xms256m -XX:MaxPermSize=250m -ea" />
      <option name="PROGRAM_PARAMETERS" />
      <predefined_log_file id="idea.log" enabled="true" />
    </configuration>
    <configuration default="true" type="Remote" factoryName="Remote">
      <option name="USE_SOCKET_TRANSPORT" value="true" />
      <option name="SERVER_MODE" value="false" />
      <option name="SHMEM_ADDRESS" value="javadebug" />
      <option name="HOST" value="localhost" />
      <option name="PORT" value="5005" />
    </configuration>
    <configuration default="true" type="TestNG" factoryName="TestNG">
      <extension name="coverage" enabled="false" merge="false" sample_coverage="true" runner="idea" />
      <module name="" />
      <option name="ALTERNATIVE_JRE_PATH_ENABLED" value="false" />
      <option name="ALTERNATIVE_JRE_PATH" />
      <option name="SUITE_NAME" />
      <option name="PACKAGE_NAME" />
      <option name="MAIN_CLASS_NAME" />
      <option name="METHOD_NAME" />
      <option name="GROUP_NAME" />
      <option name="TEST_OBJECT" value="CLASS" />
      <option name="VM_PARAMETERS" value="-ea" />
      <option name="PARAMETERS" />
      <option name="WORKING_DIRECTORY" value="$PROJECT_DIR$" />
      <option name="OUTPUT_DIRECTORY" />
      <option name="ANNOTATION_TYPE" />
      <option name="ENV_VARIABLES" />
      <option name="PASS_PARENT_ENVS" value="true" />
      <option name="TEST_SEARCH_SCOPE">
        <value defaultName="moduleWithDependencies" />
      </option>
      <option name="USE_DEFAULT_REPORTERS" value="false" />
      <option name="PROPERTIES_FILE" />
      <envs />
      <properties />
      <listeners />
    </configuration>
    <configuration default="true" type="AndroidRunConfigurationType" factoryName="Android App">
      <module name="" />
      <option name="DEPLOY" value="true" />
      <option name="ARTIFACT_NAME" value="" />
      <option name="PM_INSTALL_OPTIONS" value="" />
      <option name="ACTIVITY_EXTRA_FLAGS" value="" />
      <option name="MODE" value="default_activity" />
      <option name="TARGET_SELECTION_MODE" value="SHOW_DIALOG" />
      <option name="PREFERRED_AVD" value="" />
      <option name="CLEAR_LOGCAT" value="false" />
      <option name="SHOW_LOGCAT_AUTOMATICALLY" value="false" />
      <option name="SKIP_NOOP_APK_INSTALLATIONS" value="true" />
      <option name="FORCE_STOP_RUNNING_APP" value="true" />
      <option name="DEBUGGER_TYPE" value="Java" />
      <option name="USE_LAST_SELECTED_DEVICE" value="false" />
      <option name="PREFERRED_AVD" value="" />
      <Java />
      <Profilers>
        <option name="ENABLE_ADVANCED_PROFILING" value="true" />
        <option name="GAPID_ENABLED" value="false" />
        <option name="GAPID_DISABLE_PCS" value="false" />
        <option name="SUPPORT_LIB_ENABLED" value="true" />
        <option name="INSTRUMENTATION_ENABLED" value="true" />
      </Profilers>
      <option name="DEEP_LINK" value="" />
      <option name="ACTIVITY_CLASS" value="" />
      <method />
    </configuration>
    <configuration default="true" type="AndroidRunConfigurationType" factoryName="Android Application">
      <module name="" />
      <option name="DEPLOY" value="true" />
      <option name="ARTIFACT_NAME" value="" />
      <option name="PM_INSTALL_OPTIONS" value="" />
      <option name="ACTIVITY_EXTRA_FLAGS" value="" />
      <option name="MODE" value="default_activity" />
      <option name="TARGET_SELECTION_MODE" value="EMULATOR" />
      <option name="PREFERRED_AVD" value="" />
      <option name="CLEAR_LOGCAT" value="false" />
      <option name="SHOW_LOGCAT_AUTOMATICALLY" value="true" />
      <option name="SKIP_NOOP_APK_INSTALLATIONS" value="true" />
      <option name="FORCE_STOP_RUNNING_APP" value="true" />
      <option name="USE_LAST_SELECTED_DEVICE" value="false" />
      <option name="PREFERRED_AVD" value="" />
      <option name="DEEP_LINK" value="" />
      <option name="ACTIVITY_CLASS" value="" />
      <method />
    </configuration>
    <configuration default="true" type="AndroidTestRunConfigurationType" factoryName="Android Tests">
      <module name="" />
      <option name="TESTING_TYPE" value="0" />
      <option name="INSTRUMENTATION_RUNNER_CLASS" value="" />
      <option name="METHOD_NAME" value="" />
      <option name="CLASS_NAME" value="" />
      <option name="PACKAGE_NAME" value="" />
      <option name="EXTRA_OPTIONS" value="" />
      <option name="TARGET_SELECTION_MODE" value="EMULATOR" />
      <option name="PREFERRED_AVD" value="" />
      <option name="CLEAR_LOGCAT" value="false" />
      <option name="SHOW_LOGCAT_AUTOMATICALLY" value="true" />
      <option name="SKIP_NOOP_APK_INSTALLATIONS" value="true" />
      <option name="FORCE_STOP_RUNNING_APP" value="true" />
      <option name="DEBUGGER_TYPE" value="Java" />
      <option name="USE_LAST_SELECTED_DEVICE" value="false" />
      <option name="PREFERRED_AVD" value="" />
      <Java />
      <Profilers>
        <option name="ENABLE_ADVANCED_PROFILING" value="true" />
        <option name="GAPID_ENABLED" value="false" />
        <option name="GAPID_DISABLE_PCS" value="false" />
        <option name="SUPPORT_LIB_ENABLED" value="true" />
        <option name="INSTRUMENTATION_ENABLED" value="true" />
      </Profilers>
      <method />
    </configuration>
    <configuration default="true" type="ArquillianTestNG" factoryName="">
      <extension name="coverage" enabled="false" merge="false" sample_coverage="true" runner="idea" />
      <module name="" />
      <option name="arquillianRunConfiguration">
        <value>
          <option name="containerStateName" value="" />
        </value>
      </option>
      <option name="ALTERNATIVE_JRE_PATH_ENABLED" value="false" />
      <option name="ALTERNATIVE_JRE_PATH" />
      <option name="SUITE_NAME" />
      <option name="PACKAGE_NAME" />
      <option name="MAIN_CLASS_NAME" />
      <option name="METHOD_NAME" />
      <option name="GROUP_NAME" />
      <option name="TEST_OBJECT" value="CLASS" />
      <option name="VM_PARAMETERS" />
      <option name="PARAMETERS" />
      <option name="WORKING_DIRECTORY" />
      <option name="OUTPUT_DIRECTORY" />
      <option name="ANNOTATION_TYPE" />
      <option name="ENV_VARIABLES" />
      <option name="PASS_PARENT_ENVS" value="true" />
      <option name="TEST_SEARCH_SCOPE">
        <value defaultName="singleModule" />
      </option>
      <option name="USE_DEFAULT_REPORTERS" value="false" />
      <option name="PROPERTIES_FILE" />
      <envs />
      <properties />
      <listeners />
      <method />
    </configuration>
    <configuration default="true" type="Cold Fusion runner description" factoryName="Cold Fusion" custom_browser="" web_path="">
      <method />
    </configuration>
    <configuration default="true" type="CucumberJavaRunConfigurationType" factoryName="Cucumber java">
      <extension name="coverage" enabled="false" merge="false" sample_coverage="true" runner="idea" />
      <option name="myFilePath" />
      <option name="GLUE" />
      <option name="myNameFilter" />
      <option name="myGeneratedName" />
      <option name="MAIN_CLASS_NAME" />
      <option name="VM_PARAMETERS" />
      <option name="PROGRAM_PARAMETERS" />
      <option name="WORKING_DIRECTORY" />
      <option name="ALTERNATIVE_JRE_PATH_ENABLED" value="false" />
      <option name="ALTERNATIVE_JRE_PATH" />
      <option name="ENABLE_SWING_INSPECTOR" value="false" />
      <option name="ENV_VARIABLES" />
      <option name="PASS_PARENT_ENVS" value="true" />
      <module name="" />
      <envs />
      <method />
    </configuration>
    <configuration default="true" type="FlashRunConfigurationType" factoryName="Flash App">
      <option name="BCName" value="" />
      <option name="IOSSimulatorSdkPath" value="" />
      <option name="adlOptions" value="" />
      <option name="airProgramParameters" value="" />
      <option name="appDescriptorForEmulator" value="Android" />
      <option name="debugTransport" value="USB" />
      <option name="debuggerSdkRaw" value="BC SDK" />
      <option name="emulator" value="NexusOne" />
      <option name="emulatorAdlOptions" value="" />
      <option name="fastPackaging" value="true" />
      <option name="fullScreenHeight" value="0" />
      <option name="fullScreenWidth" value="0" />
      <option name="launchUrl" value="false" />
      <option name="launcherParameters">
        <LauncherParameters>
          <option name="browser" value="a7bb68e0-33c0-4d6f-a81a-aac1fdb870c8" />
          <option name="launcherType" value="OSDefault" />
          <option name="newPlayerInstance" value="false" />
          <option name="playerPath" value="FlashPlayerDebugger.exe" />
        </LauncherParameters>
      </option>
      <option name="mobileRunTarget" value="Emulator" />
      <option name="moduleName" value="" />
      <option name="overriddenMainClass" value="" />
      <option name="overriddenOutputFileName" value="" />
      <option name="overrideMainClass" value="false" />
      <option name="runTrusted" value="true" />
      <option name="screenDpi" value="0" />
      <option name="screenHeight" value="0" />
      <option name="screenWidth" value="0" />
      <option name="url" value="http://" />
      <option name="usbDebugPort" value="7936" />
      <method />
    </configuration>
    <configuration default="true" type="FlexUnitRunConfigurationType" factoryName="FlexUnit" appDescriptorForEmulator="Android" class_name="" emulatorAdlOptions="" method_name="" package_name="" scope="Class">
      <option name="BCName" value="" />
      <option name="launcherParameters">
        <LauncherParameters>
          <option name="browser" value="a7bb68e0-33c0-4d6f-a81a-aac1fdb870c8" />
          <option name="launcherType" value="OSDefault" />
          <option name="newPlayerInstance" value="false" />
          <option name="playerPath" value="FlashPlayerDebugger.exe" />
        </LauncherParameters>
      </option>
      <option name="moduleName" value="" />
      <option name="trusted" value="true" />
      <method />
    </configuration>
    <configuration default="true" type="GradleRunConfiguration" factoryName="Gradle">
      <ExternalSystemSettings>
        <option name="executionName" />
        <option name="externalProjectPath" />
        <option name="externalSystemIdString" value="GRADLE" />
        <option name="scriptParameters" />
        <option name="taskDescriptions">
          <list />
        </option>
        <option name="taskNames">
          <list />
        </option>
        <option name="vmOptions" />
      </ExternalSystemSettings>
      <method />
    </configuration>
    <configuration default="true" type="JarApplication" factoryName="JAR Application">
      <extension name="coverage" enabled="false" merge="false" sample_coverage="true" runner="idea" />
      <envs />
      <method />
    </configuration>
    <configuration default="true" type="Java Scratch" factoryName="Java Scratch">
      <extension name="coverage" enabled="false" merge="false" sample_coverage="true" runner="idea" />
      <option name="SCRATCH_FILE_ID" value="0" />
      <option name="MAIN_CLASS_NAME" />
      <option name="VM_PARAMETERS" />
      <option name="PROGRAM_PARAMETERS" />
      <option name="WORKING_DIRECTORY" />
      <option name="ALTERNATIVE_JRE_PATH_ENABLED" value="false" />
      <option name="ALTERNATIVE_JRE_PATH" />
      <option name="ENABLE_SWING_INSPECTOR" value="false" />
      <option name="ENV_VARIABLES" />
      <option name="PASS_PARENT_ENVS" value="true" />
      <module name="" />
      <envs />
      <method />
    </configuration>
    <configuration default="true" type="JavaScriptTestRunnerJest" factoryName="Jest">
      <node-interpreter value="project" />
      <working-dir value="" />
      <envs />
      <scope-kind value="ALL" />
      <method />
    </configuration>
    <configuration default="true" type="JavaScriptTestRunnerProtractor" factoryName="Protractor">
      <config-file value="" />
      <node-interpreter value="project" />
      <envs />
      <method />
    </configuration>
    <configuration default="true" type="JavascriptDebugType" factoryName="JavaScript Debug">
      <method />
    </configuration>
    <configuration default="true" type="JetRunConfigurationType" factoryName="Kotlin">
      <extension name="coverage" enabled="false" merge="false" sample_coverage="true" runner="idea" />
      <option name="MAIN_CLASS_NAME" />
      <option name="VM_PARAMETERS" />
      <option name="PROGRAM_PARAMETERS" />
      <option name="WORKING_DIRECTORY" />
      <option name="ALTERNATIVE_JRE_PATH_ENABLED" value="false" />
      <option name="ALTERNATIVE_JRE_PATH" />
      <option name="PASS_PARENT_ENVS" value="true" />
      <module name="RealmClient" />
      <envs />
      <method />
    </configuration>
    <configuration default="true" type="KotlinStandaloneScriptRunConfigurationType" factoryName="Kotlin script">
      <extension name="coverage" enabled="false" merge="false" sample_coverage="true" runner="idea" />
      <option name="filePath" />
      <option name="vmParameters" />
      <option name="alternativeJrePath" />
      <option name="programParameters" />
      <option name="passParentEnvs" value="true" />
      <option name="workingDirectory" />
      <option name="isAlternativeJrePathEnabled" value="false" />
      <envs />
      <method />
    </configuration>
    <configuration default="true" type="SpringBootApplicationConfigurationType" factoryName="Spring Boot">
      <extension name="coverage" enabled="false" merge="false" sample_coverage="true" runner="idea" />
      <module name="" />
      <envs />
      <method />
    </configuration>
    <configuration name="&lt;template&gt;" type="WebApp" default="true" selected="false">
      <Host>localhost</Host>
      <Port>5050</Port>
    </configuration>
    <configuration default="true" type="js.build_tools.npm" factoryName="npm">
      <command value="run" />
      <scripts />
      <node-interpreter value="project" />
      <envs />
      <method />
    </configuration>
    <configuration default="true" type="osgi.bnd.run" factoryName="Run Launcher">
      <method />
    </configuration>
    <configuration default="true" type="osgi.bnd.run" factoryName="Test Launcher (JUnit)">
      <method />
    </configuration>
  </component>
  <component name="ShelveChangesManager" show_recycled="false">
    <option name="remove_strategy" value="false" />
  </component>
  <component name="SvnConfiguration">
    <configuration />
  </component>
  <component name="TaskManager">
    <task active="true" id="Default" summary="Default task">
      <changelist id="4efb8a67-8ea0-41eb-b5a0-7b876d31aafb" name="Default" comment="" />
      <created>1439372239439</created>
      <option name="number" value="Default" />
      <option name="presentableId" value="Default" />
      <updated>1439372239439</updated>
      <workItem from="1439372236824" duration="2618000" />
      <workItem from="1439376032787" duration="947000" />
      <workItem from="1439377022013" duration="247000" />
      <workItem from="1439409431046" duration="771000" />
      <workItem from="1439416009919" duration="192000" />
      <workItem from="1439476814011" duration="2352000" />
      <workItem from="1439481465346" duration="7000" />
      <workItem from="1439498629399" duration="632000" />
      <workItem from="1439591252939" duration="1595000" />
      <workItem from="1439686777374" duration="1293000" />
      <workItem from="1440016840764" duration="4758000" />
      <workItem from="1440022997451" duration="726000" />
      <workItem from="1440261729181" duration="292000" />
      <workItem from="1440354595982" duration="9915000" />
      <workItem from="1440373045842" duration="1952000" />
      <workItem from="1440454896115" duration="128000" />
      <workItem from="1440499783269" duration="14618000" />
      <workItem from="1440619086040" duration="735000" />
      <workItem from="1440669660746" duration="1084000" />
      <workItem from="1440707229881" duration="56000" />
      <workItem from="1440707487362" duration="235000" />
      <workItem from="1440881986112" duration="857000" />
      <workItem from="1440924893807" duration="6169000" />
      <workItem from="1441031857949" duration="5488000" />
      <workItem from="1441039077719" duration="946000" />
      <workItem from="1441040274999" duration="302000" />
      <workItem from="1441040747178" duration="9322000" />
      <workItem from="1441050612073" duration="1068000" />
      <workItem from="1441116300105" duration="594000" />
      <workItem from="1441124966232" duration="1016000" />
      <workItem from="1441139569042" duration="2834000" />
      <workItem from="1441190530726" duration="1727000" />
      <workItem from="1441202774686" duration="23000" />
      <workItem from="1441292045823" duration="71000" />
      <workItem from="1441303747756" duration="10231000" />
      <workItem from="1441323145947" duration="707000" />
      <workItem from="1441370326688" duration="1905000" />
      <workItem from="1441643926858" duration="7000" />
      <workItem from="1441738785829" duration="7880000" />
      <workItem from="1441747801872" duration="3469000" />
      <workItem from="1441879458393" duration="3004000" />
      <workItem from="1450516513928" duration="4613000" />
      <workItem from="1450605632486" duration="5090000" />
      <workItem from="1460045530105" duration="2148000" />
      <workItem from="1460054090104" duration="2773000" />
      <workItem from="1460062234934" duration="611000" />
      <workItem from="1460395702472" duration="670000" />
      <workItem from="1460589835915" duration="560000" />
      <workItem from="1460746604489" duration="1862000" />
      <workItem from="1460906921629" duration="501000" />
      <workItem from="1460908146978" duration="1330000" />
      <workItem from="1460922927806" duration="1008000" />
      <workItem from="1461077501055" duration="2683000" />
      <workItem from="1461510171095" duration="5186000" />
      <workItem from="1461516721256" duration="262000" />
      <workItem from="1462013218486" duration="1112000" />
      <workItem from="1462134683894" duration="607000" />
      <workItem from="1462282635247" duration="1442000" />
      <workItem from="1462293912662" duration="1530000" />
      <workItem from="1462376542594" duration="1421000" />
      <workItem from="1462378497691" duration="1866000" />
      <workItem from="1462450682876" duration="1979000" />
      <workItem from="1462460449785" duration="1039000" />
      <workItem from="1462463602830" duration="592000" />
      <workItem from="1462523068511" duration="33000" />
      <workItem from="1462649782046" duration="1045000" />
      <workItem from="1462696232689" duration="600000" />
      <workItem from="1462736402067" duration="844000" />
      <workItem from="1462890950066" duration="2134000" />
      <workItem from="1463147754861" duration="6427000" />
      <workItem from="1463221829958" duration="793000" />
      <workItem from="1463263962164" duration="2244000" />
      <workItem from="1463317730480" duration="196000" />
      <workItem from="1463424367923" duration="2668000" />
      <workItem from="1463473344115" duration="8635000" />
      <workItem from="1463486441395" duration="41000" />
      <workItem from="1463493440876" duration="434000" />
      <workItem from="1463506560813" duration="1322000" />
      <workItem from="1463583748890" duration="106000" />
      <workItem from="1463595435777" duration="879000" />
      <workItem from="1464018391491" duration="1573000" />
      <workItem from="1464036812776" duration="654000" />
      <workItem from="1464109756216" duration="3246000" />
      <workItem from="1464291874489" duration="2341000" />
      <workItem from="1464383552466" duration="3420000" />
      <workItem from="1464389627946" duration="682000" />
      <workItem from="1464438170255" duration="2021000" />
      <workItem from="1464440700327" duration="591000" />
      <workItem from="1464517802262" duration="3963000" />
      <workItem from="1464521845299" duration="1733000" />
      <workItem from="1464625993563" duration="638000" />
      <workItem from="1465034718866" duration="648000" />
      <workItem from="1465060796223" duration="5180000" />
      <workItem from="1465079130603" duration="205000" />
      <workItem from="1465080021341" duration="927000" />
      <workItem from="1465114518373" duration="5756000" />
      <workItem from="1465122330775" duration="1314000" />
      <workItem from="1465413240673" duration="5661000" />
      <workItem from="1465420987005" duration="376000" />
      <workItem from="1465495336473" duration="3024000" />
      <workItem from="1465501575621" duration="1477000" />
      <workItem from="1465503304753" duration="1120000" />
      <workItem from="1465578584743" duration="1920000" />
      <workItem from="1465590437878" duration="3155000" />
      <workItem from="1465726780823" duration="9908000" />
      <workItem from="1465823508245" duration="4355000" />
      <workItem from="1465930646595" duration="338000" />
      <workItem from="1466441075057" duration="211000" />
      <workItem from="1466451055311" duration="151000" />
      <workItem from="1466529634833" duration="1330000" />
      <workItem from="1467640106971" duration="4548000" />
      <workItem from="1467647960060" duration="880000" />
      <workItem from="1467660730136" duration="2324000" />
      <workItem from="1467744034488" duration="3367000" />
      <workItem from="1467824798097" duration="2005000" />
      <workItem from="1468234114802" duration="1125000" />
      <workItem from="1468235554659" duration="963000" />
      <workItem from="1468335932898" duration="2735000" />
      <workItem from="1468961633843" duration="6987000" />
      <workItem from="1469005541055" duration="1671000" />
      <workItem from="1469034264780" duration="603000" />
      <workItem from="1469096105391" duration="1789000" />
      <workItem from="1469173215916" duration="3175000" />
      <workItem from="1469451365842" duration="1781000" />
      <workItem from="1469565388593" duration="2246000" />
      <workItem from="1469609428403" duration="1716000" />
      <workItem from="1469653949438" duration="49000" />
      <workItem from="1469699875859" duration="640000" />
      <workItem from="1472376259024" duration="2135000" />
      <workItem from="1472407400920" duration="2183000" />
      <workItem from="1472978460027" duration="2317000" />
      <workItem from="1478112050423" duration="2540000" />
      <workItem from="1478814144790" duration="452000" />
      <workItem from="1478948043323" duration="31000" />
      <workItem from="1479075786005" duration="220000" />
      <workItem from="1479143428188" duration="1737000" />
      <workItem from="1479675646941" duration="2245000" />
      <workItem from="1481494126970" duration="944000" />
      <workItem from="1482088674267" duration="1074000" />
      <workItem from="1482091073048" duration="318000" />
      <workItem from="1483666717382" duration="1035000" />
      <workItem from="1483698199098" duration="4264000" />
      <workItem from="1484082020003" duration="714000" />
      <workItem from="1484516994725" duration="647000" />
      <workItem from="1484599197890" duration="305000" />
      <workItem from="1485000474183" duration="2957000" />
      <workItem from="1485024427275" duration="4547000" />
      <workItem from="1485089226780" duration="4973000" />
      <workItem from="1485291510174" duration="1865000" />
      <workItem from="1485452208715" duration="1283000" />
      <workItem from="1485457531137" duration="664000" />
      <workItem from="1485460396122" duration="2377000" />
      <workItem from="1485540465809" duration="1644000" />
      <workItem from="1485602536398" duration="2627000" />
      <workItem from="1485978583906" duration="2340000" />
      <workItem from="1486549487434" duration="1867000" />
      <workItem from="1486564419525" duration="7096000" />
      <workItem from="1486855264580" duration="3040000" />
      <workItem from="1486938044470" duration="501000" />
      <workItem from="1487418049819" duration="2340000" />
      <workItem from="1487785241179" duration="6894000" />
      <workItem from="1487888637768" duration="616000" />
      <workItem from="1488142984082" duration="504000" />
      <workItem from="1488215299319" duration="1765000" />
      <workItem from="1488452711596" duration="13000" />
      <workItem from="1491816089411" duration="1412000" />
      <workItem from="1491826388962" duration="5530000" />
      <workItem from="1491855673858" duration="2836000" />
      <workItem from="1491903108775" duration="1847000" />
      <workItem from="1492266823251" duration="4712000" />
      <workItem from="1492278032849" duration="296000" />
      <workItem from="1493414833595" duration="23000" />
      <workItem from="1493668586836" duration="1708000" />
      <workItem from="1493922186816" duration="16000" />
      <workItem from="1494272568046" duration="1508000" />
      <workItem from="1494274646277" duration="1105000" />
      <workItem from="1494597391396" duration="2702000" />
      <workItem from="1495892834031" duration="3669000" />
      <workItem from="1495897965113" duration="5016000" />
      <workItem from="1495904911778" duration="3246000" />
      <workItem from="1495966611186" duration="3056000" />
      <workItem from="1495975671598" duration="4833000" />
      <workItem from="1497698967408" duration="11000" />
      <workItem from="1497704338308" duration="30000" />
      <workItem from="1497784967874" duration="316000" />
      <workItem from="1498379876649" duration="1457000" />
      <workItem from="1499880262040" duration="2000" />
      <workItem from="1500205052137" duration="4000" />
      <workItem from="1500986621422" duration="2000" />
      <workItem from="1500991064817" duration="620000" />
      <workItem from="1501058169555" duration="4554000" />
      <workItem from="1501249948910" duration="666000" />
      <workItem from="1501526561583" duration="9687000" />
      <workItem from="1501572758293" duration="72000" />
      <workItem from="1501794227960" duration="138000" />
      <workItem from="1501847325805" duration="2000" />
      <workItem from="1501849713065" duration="4687000" />
      <workItem from="1501860626507" duration="600000" />
      <workItem from="1502449121594" duration="1541000" />
      <workItem from="1502457861119" duration="4961000" />
      <workItem from="1502463825048" duration="6090000" />
      <workItem from="1502473363683" duration="2719000" />
      <workItem from="1502533273840" duration="4883000" />
      <workItem from="1502714578725" duration="5110000" />
      <workItem from="1502727472807" duration="90000" />
      <workItem from="1502911294667" duration="2348000" />
      <workItem from="1503059960382" duration="1678000" />
      <workItem from="1503062823679" duration="634000" />
      <workItem from="1503341126056" duration="606000" />
      <workItem from="1503349785238" duration="564000" />
      <workItem from="1503383272546" duration="1248000" />
      <workItem from="1503508441457" duration="788000" />
      <workItem from="1503561406409" duration="3193000" />
      <workItem from="1503685661901" duration="1698000" />
      <workItem from="1503687745308" duration="5246000" />
      <workItem from="1503694003899" duration="650000" />
      <workItem from="1503734877283" duration="13000" />
      <workItem from="1503738932718" duration="1584000" />
      <workItem from="1504339560175" duration="6550000" />
      <workItem from="1504360786123" duration="9834000" />
      <workItem from="1504605955588" duration="8346000" />
      <workItem from="1504717255952" duration="2000" />
      <workItem from="1504719246874" duration="1970000" />
      <workItem from="1504721955427" duration="296000" />
      <workItem from="1504723058326" duration="678000" />
      <workItem from="1504727633293" duration="270000" />
      <workItem from="1504772922291" duration="3000" />
      <workItem from="1505229444502" duration="1077000" />
      <workItem from="1505238481075" duration="19000" />
      <workItem from="1505312804143" duration="24000" />
      <workItem from="1505316691774" duration="5766000" />
      <workItem from="1505328826854" duration="1301000" />
      <workItem from="1505409523762" duration="3511000" />
      <workItem from="1505758673327" duration="2067000" />
      <workItem from="1505761556273" duration="600000" />
      <workItem from="1505839023286" duration="2988000" />
      <workItem from="1506249337211" duration="4000" />
      <workItem from="1506253731931" duration="3546000" />
      <workItem from="1506614199339" duration="1380000" />
      <workItem from="1506872710915" duration="634000" />
      <workItem from="1507061073574" duration="3000" />
      <workItem from="1507368461179" duration="3042000" />
      <workItem from="1507615178699" duration="7091000" />
      <workItem from="1507704366802" duration="21000" />
      <workItem from="1508061491355" duration="9410000" />
      <workItem from="1508091979179" duration="355000" />
      <workItem from="1508093237237" duration="2716000" />
      <workItem from="1508345279191" duration="880000" />
      <workItem from="1508347013635" duration="4749000" />
      <workItem from="1508438314557" duration="1162000" />
      <workItem from="1508576023583" duration="6729000" />
      <workItem from="1508599651647" duration="2398000" />
      <workItem from="1508787581865" duration="1481000" />
      <workItem from="1508954984056" duration="18000" />
      <workItem from="1509004876010" duration="657000" />
      <workItem from="1509006320365" duration="17000" />
      <workItem from="1509017206030" duration="908000" />
      <workItem from="1509029016310" duration="26000" />
      <workItem from="1509037203263" duration="2215000" />
      <workItem from="1509054841191" duration="124000" />
      <workItem from="1509055044696" duration="2127000" />
      <workItem from="1509091362852" duration="328000" />
      <workItem from="1509307547711" duration="212000" />
      <workItem from="1509309081846" duration="1635000" />
      <workItem from="1509491835131" duration="119000" />
      <workItem from="1509608608309" duration="3574000" />
      <workItem from="1509618341254" duration="16000" />
      <workItem from="1509618502561" duration="7000" />
      <workItem from="1514886021266" duration="64000" />
    </task>
    <servers />
  </component>
  <component name="TimeTrackingManager">
    <option name="totallyTimeSpent" value="566612000" />
  </component>
  <component name="ToolWindowManager">
    <frame x="-8" y="-8" width="1936" height="1056" extended-state="6" />
    <editor active="true" />
    <layout>
      <window_info id="Palette" active="false" anchor="right" auto_hide="false" internal_type="DOCKED" type="DOCKED" visible="false" show_stripe_button="true" weight="0.33" sideWeight="0.5" order="3" side_tool="false" content_ui="tabs" />
      <window_info id="TODO" active="false" anchor="bottom" auto_hide="false" internal_type="DOCKED" type="DOCKED" visible="false" show_stripe_button="true" weight="0.33" sideWeight="0.5" order="6" side_tool="false" content_ui="tabs" />
      <window_info id="Messages" active="false" anchor="bottom" auto_hide="false" internal_type="DOCKED" type="DOCKED" visible="false" show_stripe_button="true" weight="0.1509636" sideWeight="0.5" order="13" side_tool="false" content_ui="tabs" />
      <window_info id="Palette&#9;" active="false" anchor="left" auto_hide="false" internal_type="DOCKED" type="DOCKED" visible="false" show_stripe_button="true" weight="0.33" sideWeight="0.5" order="7" side_tool="false" content_ui="tabs" />
      <window_info id="Image Layers" active="false" anchor="left" auto_hide="false" internal_type="DOCKED" type="DOCKED" visible="false" show_stripe_button="true" weight="0.33" sideWeight="0.5" order="4" side_tool="false" content_ui="tabs" />
      <window_info id="Capture Analysis" active="false" anchor="right" auto_hide="false" internal_type="DOCKED" type="DOCKED" visible="false" show_stripe_button="true" weight="0.33" sideWeight="0.5" order="11" side_tool="false" content_ui="tabs" />
      <window_info id="Event Log" active="false" anchor="bottom" auto_hide="false" internal_type="DOCKED" type="DOCKED" visible="false" show_stripe_button="true" weight="0.33" sideWeight="0.5" order="7" side_tool="true" content_ui="tabs" />
      <window_info id="Maven Projects" active="false" anchor="right" auto_hide="false" internal_type="DOCKED" type="DOCKED" visible="false" show_stripe_button="true" weight="0.33" sideWeight="0.5" order="4" side_tool="false" content_ui="tabs" />
      <window_info id="Run" active="false" anchor="bottom" auto_hide="false" internal_type="DOCKED" type="DOCKED" visible="false" show_stripe_button="true" weight="0.30222693" sideWeight="0.5" order="2" side_tool="false" content_ui="tabs" />
      <window_info id="Version Control" active="false" anchor="bottom" auto_hide="false" internal_type="DOCKED" type="DOCKED" visible="false" show_stripe_button="true" weight="0.33" sideWeight="0.5" order="9" side_tool="false" content_ui="tabs" />
      <window_info id="Terminal" active="false" anchor="bottom" auto_hide="false" internal_type="DOCKED" type="DOCKED" visible="false" show_stripe_button="true" weight="0.33" sideWeight="0.5" order="11" side_tool="false" content_ui="tabs" />
      <window_info id="Capture Tool" active="false" anchor="left" auto_hide="false" internal_type="DOCKED" type="DOCKED" visible="false" show_stripe_button="true" weight="0.33" sideWeight="0.5" order="6" side_tool="false" content_ui="tabs" />
      <window_info id="Designer" active="false" anchor="right" auto_hide="false" internal_type="DOCKED" type="DOCKED" visible="false" show_stripe_button="true" weight="0.33" sideWeight="0.5" order="5" side_tool="false" content_ui="tabs" />
      <window_info id="Project" active="false" anchor="left" auto_hide="false" internal_type="DOCKED" type="DOCKED" visible="true" show_stripe_button="true" weight="0.2703125" sideWeight="0.5" order="0" side_tool="false" content_ui="combo" />
      <window_info id="Database" active="false" anchor="right" auto_hide="false" internal_type="DOCKED" type="DOCKED" visible="false" show_stripe_button="true" weight="0.33" sideWeight="0.5" order="6" side_tool="false" content_ui="tabs" />
      <window_info id="Find" active="false" anchor="bottom" auto_hide="false" internal_type="DOCKED" type="DOCKED" visible="false" show_stripe_button="true" weight="0.24947146" sideWeight="0.5" order="1" side_tool="false" content_ui="tabs" />
      <window_info id="Structure" active="false" anchor="left" auto_hide="false" internal_type="DOCKED" type="DOCKED" visible="false" show_stripe_button="true" weight="0.25" sideWeight="0.5" order="1" side_tool="false" content_ui="tabs" />
      <window_info id="Ant Build" active="false" anchor="right" auto_hide="false" internal_type="DOCKED" type="DOCKED" visible="false" show_stripe_button="true" weight="0.25" sideWeight="0.5" order="1" side_tool="false" content_ui="tabs" />
      <window_info id="UI Designer" active="false" anchor="left" auto_hide="false" internal_type="DOCKED" type="DOCKED" visible="false" show_stripe_button="true" weight="0.33" sideWeight="0.5" order="2" side_tool="false" content_ui="tabs" />
      <window_info id="Theme Preview" active="false" anchor="right" auto_hide="false" internal_type="DOCKED" type="DOCKED" visible="false" show_stripe_button="true" weight="0.33" sideWeight="0.5" order="9" side_tool="false" content_ui="tabs" />
      <window_info id="Debug" active="false" anchor="bottom" auto_hide="false" internal_type="DOCKED" type="DOCKED" visible="false" show_stripe_button="true" weight="0.39701173" sideWeight="0.5" order="3" side_tool="false" content_ui="tabs" />
      <window_info id="Favorites" active="false" anchor="left" auto_hide="false" internal_type="DOCKED" type="DOCKED" visible="false" show_stripe_button="true" weight="0.33" sideWeight="0.5" order="5" side_tool="true" content_ui="tabs" />
      <window_info id="Cvs" active="false" anchor="bottom" auto_hide="false" internal_type="DOCKED" type="DOCKED" visible="false" show_stripe_button="true" weight="0.25" sideWeight="0.5" order="4" side_tool="false" content_ui="tabs" />
      <window_info id="Nl-Palette" active="false" anchor="left" auto_hide="false" internal_type="DOCKED" type="DOCKED" visible="false" show_stripe_button="true" weight="0.33" sideWeight="0.5" order="3" side_tool="false" content_ui="tabs" />
      <window_info id="Message" active="false" anchor="bottom" auto_hide="false" internal_type="DOCKED" type="DOCKED" visible="false" show_stripe_button="true" weight="0.33" sideWeight="0.5" order="0" side_tool="false" content_ui="tabs" />
      <window_info id="IDEtalk" active="false" anchor="right" auto_hide="false" internal_type="DOCKED" type="DOCKED" visible="false" show_stripe_button="true" weight="0.33" sideWeight="0.5" order="7" side_tool="false" content_ui="tabs" />
      <window_info id="Commander" active="false" anchor="right" auto_hide="false" internal_type="SLIDING" type="SLIDING" visible="false" show_stripe_button="true" weight="0.4" sideWeight="0.5" order="0" side_tool="false" content_ui="tabs" />
      <window_info id="Application Servers" active="false" anchor="bottom" auto_hide="false" internal_type="DOCKED" type="DOCKED" visible="false" show_stripe_button="true" weight="0.33" sideWeight="0.5" order="8" side_tool="false" content_ui="tabs" />
      <window_info id="Properties" active="false" anchor="right" auto_hide="false" internal_type="DOCKED" type="DOCKED" visible="false" show_stripe_button="true" weight="0.33" sideWeight="0.5" order="8" side_tool="false" content_ui="tabs" />
      <window_info id="Hierarchy" active="false" anchor="right" auto_hide="false" internal_type="DOCKED" type="DOCKED" visible="false" show_stripe_button="true" weight="0.25" sideWeight="0.5" order="2" side_tool="false" content_ui="combo" />
      <window_info id="Dynamic Properties" active="false" anchor="right" auto_hide="false" internal_type="DOCKED" type="DOCKED" visible="false" show_stripe_button="true" weight="0.33" sideWeight="0.5" order="10" side_tool="false" content_ui="tabs" />
      <window_info id="Changes" active="false" anchor="bottom" auto_hide="false" internal_type="DOCKED" type="DOCKED" visible="false" show_stripe_button="true" weight="0.33" sideWeight="0.5" order="10" side_tool="false" content_ui="tabs" />
      <window_info id="Inspection" active="false" anchor="bottom" auto_hide="false" internal_type="DOCKED" type="DOCKED" visible="false" show_stripe_button="true" weight="0.39957717" sideWeight="0.5" order="5" side_tool="false" content_ui="tabs" />
      <window_info id="IDEtalk Messages" active="false" anchor="bottom" auto_hide="false" internal_type="DOCKED" type="DOCKED" visible="false" show_stripe_button="true" weight="0.33" sideWeight="0.5" order="12" side_tool="false" content_ui="tabs" />
    </layout>
  </component>
  <component name="TypeScriptGeneratedFilesManager">
    <option name="version" value="1" />
  </component>
  <component name="Vcs.Log.UiProperties">
    <option name="RECENTLY_FILTERED_USER_GROUPS">
      <collection />
    </option>
    <option name="RECENTLY_FILTERED_BRANCH_GROUPS">
      <collection />
    </option>
  </component>
  <component name="VcsContentAnnotationSettings">
    <option name="myLimit" value="2678400000" />
  </component>
  <component name="XDebuggerManager">
    <breakpoint-manager>
      <breakpoints>
        <line-breakpoint enabled="true" type="flex">
          <url>file://$PROJECT_DIR$/src/_E_7/_ap.as</url>
          <line>15</line>
          <option name="timeStamp" value="8" />
        </line-breakpoint>
        <line-breakpoint enabled="true" type="flex">
          <url>file://$PROJECT_DIR$/src/zerorealms/rotmg/assets/_elders.as</url>
          <line>7</line>
          <option name="timeStamp" value="9" />
        </line-breakpoint>
        <line-breakpoint enabled="true" type="flex">
          <url>file://$PROJECT_DIR$/src/com/company/assembleegameclient/objects/GameObject.as</url>
          <line>167</line>
          <option name="timeStamp" value="10" />
        </line-breakpoint>
        <line-breakpoint enabled="true" type="flex">
          <url>file://$PROJECT_DIR$/src/com/company/assembleegameclient/objects/GameObject.as</url>
          <line>168</line>
          <option name="timeStamp" value="11" />
        </line-breakpoint>
        <line-breakpoint enabled="true" type="flex">
          <url>file://$PROJECT_DIR$/src/com/company/assembleegameclient/net/messages/data/StatData.as</url>
          <line>131</line>
          <option name="timeStamp" value="12" />
        </line-breakpoint>
        <line-breakpoint enabled="true" type="flex">
          <url>file://$PROJECT_DIR$/src/com/company/assembleegameclient/net/messages/data/StatData.as</url>
          <line>98</line>
          <option name="timeStamp" value="13" />
        </line-breakpoint>
        <line-breakpoint enabled="true" type="flex">
          <url>file://$PROJECT_DIR$/src/com/company/assembleegameclient/objects/GameObject.as</url>
          <line>379</line>
          <option name="timeStamp" value="14" />
        </line-breakpoint>
        <line-breakpoint enabled="true" type="flex">
          <url>file://$PROJECT_DIR$/src/com/company/assembleegameclient/net/PacketManager.as</url>
          <line>1228</line>
          <option name="timeStamp" value="21" />
        </line-breakpoint>
      </breakpoints>
      <option name="time" value="27" />
    </breakpoint-manager>
    <watches-manager />
  </component>
  <component name="antWorkspaceConfiguration">
    <option name="IS_AUTOSCROLL_TO_SOURCE" value="false" />
    <option name="FILTER_TARGETS" value="false" />
  </component>
  <component name="editorHistoryManager">
    <entry file="file://$PROJECT_DIR$/src/_nA_/_xI_.as">
      <provider selected="true" editor-type-id="text-editor">
        <state relative-caret-position="0">
          <caret line="80" column="66" lean-forward="false" selection-start-line="80" selection-start-column="66" selection-end-line="80" selection-end-column="66" />
        </state>
      </provider>
    </entry>
    <entry file="file://$PROJECT_DIR$/src/com/company/assembleegameclient/ui/Stats.as">
      <provider selected="true" editor-type-id="text-editor">
        <state relative-caret-position="391">
          <caret line="32" column="32" lean-forward="false" selection-start-line="32" selection-start-column="28" selection-end-line="32" selection-end-column="32" />
        </state>
      </provider>
    </entry>
    <entry file="file://$PROJECT_DIR$/src/com/company/assembleegameclient/game/GameSprite.as">
      <provider selected="true" editor-type-id="text-editor">
        <state relative-caret-position="3519">
          <caret line="252" column="36" lean-forward="false" selection-start-line="252" selection-start-column="36" selection-end-line="252" selection-end-column="36" />
        </state>
      </provider>
    </entry>
    <entry file="file://$PROJECT_DIR$/src/zerorealms/rotmg/assets/EmbeddedAssets_chars16x16dMountains2Embed_.png">
      <provider selected="true" editor-type-id="images">
        <state />
      </provider>
    </entry>
    <entry file="file://$PROJECT_DIR$/src/com/company/assembleegameclient/util/TextureRedrawer.as">
      <provider selected="true" editor-type-id="text-editor">
        <state relative-caret-position="731">
          <caret line="65" column="25" lean-forward="false" selection-start-line="65" selection-start-column="25" selection-end-line="65" selection-end-column="25" />
        </state>
      </provider>
    </entry>
    <entry file="file://$PROJECT_DIR$/src/zerorealms/rotmg/assets/EmbeddedAssets_HalloweenEffects16x16Embed_.png">
      <provider selected="true" editor-type-id="images">
        <state />
      </provider>
    </entry>
    <entry file="file://$PROJECT_DIR$/src/zerorealms/rotmg/assets/EmbeddedAssets_HalloweenEffects16x16Embed_.as">
      <provider selected="true" editor-type-id="text-editor">
        <state relative-caret-position="68">
          <caret line="4" column="46" lean-forward="false" selection-start-line="4" selection-start-column="46" selection-end-line="4" selection-end-column="46" />
        </state>
      </provider>
    </entry>
    <entry file="file://$PROJECT_DIR$/src/zerorealms/rotmg/assets/EmbeddedAssets_customitemsEmbed_.png">
      <provider selected="true" editor-type-id="images">
        <state />
      </provider>
    </entry>
    <entry file="file://$PROJECT_DIR$/src/background.as">
      <provider selected="true" editor-type-id="text-editor">
        <state relative-caret-position="0">
          <caret line="0" column="0" lean-forward="false" selection-start-line="0" selection-start-column="0" selection-end-line="13" selection-end-column="1" />
        </state>
      </provider>
    </entry>
    <entry file="file://$PROJECT_DIR$/src/zerorealms/rotmg/assets/EmbeddedData_skinsEmbed_.dat">
      <provider selected="true" editor-type-id="text-editor">
        <state relative-caret-position="11934">
          <caret line="702" column="25" lean-forward="false" selection-start-line="702" selection-start-column="25" selection-end-line="702" selection-end-column="25" />
        </state>
      </provider>
    </entry>
    <entry file="file://$PROJECT_DIR$/src/zerorealms/rotmg/assets/_items.dat">
      <provider selected="true" editor-type-id="text-editor">
        <state relative-caret-position="210273">
          <caret line="12369" column="38" lean-forward="false" selection-start-line="12369" selection-start-column="38" selection-end-line="12369" selection-end-column="38" />
        </state>
      </provider>
    </entry>
    <entry file="file://$PROJECT_DIR$/src/backgroundHalloween.as">
      <provider selected="true" editor-type-id="text-editor">
        <state relative-caret-position="238">
          <caret line="14" column="0" lean-forward="false" selection-start-line="14" selection-start-column="0" selection-end-line="14" selection-end-column="0" />
        </state>
      </provider>
    </entry>
    <entry file="file://$PROJECT_DIR$/src/zerorealms/rotmg/assets/AssetEmbeds.as">
      <provider selected="true" editor-type-id="text-editor">
        <state relative-caret-position="1309">
          <caret line="80" column="50" lean-forward="false" selection-start-line="80" selection-start-column="26" selection-end-line="80" selection-end-column="50" />
        </state>
      </provider>
    </entry>
    <entry file="file://$PROJECT_DIR$/src/com/company/assembleegameclient/util/loadEmbeds.as">
      <provider selected="true" editor-type-id="text-editor">
        <state relative-caret-position="1071">
          <caret line="80" column="59" lean-forward="false" selection-start-line="80" selection-start-column="59" selection-end-line="80" selection-end-column="59" />
        </state>
      </provider>
    </entry>
    <entry file="file://$PROJECT_DIR$/src/zerorealms/rotmg/assets/EmbeddedAssets_chars16x16dMountains2Embed_.as">
      <provider selected="true" editor-type-id="text-editor">
        <state relative-caret-position="0">
          <caret line="4" column="55" lean-forward="false" selection-start-line="4" selection-start-column="13" selection-end-line="4" selection-end-column="55" />
        </state>
      </provider>
    </entry>
    <entry file="jar://W:/FLEX SDK/frameworks/libs/air/airglobal.swc!/library.swf">
      <provider selected="true" editor-type-id="text-editor">
        <state relative-caret-position="317">
          <caret line="11629" column="84" lean-forward="false" selection-start-line="11629" selection-start-column="84" selection-end-line="11629" selection-end-column="84" />
        </state>
      </provider>
    </entry>
    <entry file="file://$PROJECT_DIR$/src/com/google/analytics/core/GIFRequest.as">
      <provider selected="true" editor-type-id="text-editor">
        <state relative-caret-position="901">
          <caret line="70" column="5" lean-forward="false" selection-start-line="70" selection-start-column="5" selection-end-line="70" selection-end-column="5" />
        </state>
      </provider>
    </entry>
    <entry file="file://$PROJECT_DIR$/src/gif/encoder/LZWEncoder.as">
      <provider selected="true" editor-type-id="text-editor">
        <state relative-caret-position="136">
          <caret line="8" column="14" lean-forward="true" selection-start-line="8" selection-start-column="14" selection-end-line="8" selection-end-column="14" />
        </state>
      </provider>
    </entry>
    <entry file="file://$PROJECT_DIR$/src/gif/events/GIFPlayerEvent.as">
      <provider selected="true" editor-type-id="text-editor">
        <state relative-caret-position="0">
          <caret line="0" column="8" lean-forward="false" selection-start-line="0" selection-start-column="8" selection-end-line="0" selection-end-column="8" />
        </state>
      </provider>
    </entry>
    <entry file="file://$PROJECT_DIR$/src/gif/player/GIFPlayer.as">
      <provider selected="true" editor-type-id="text-editor">
        <state relative-caret-position="391">
          <caret line="27" column="34" lean-forward="true" selection-start-line="27" selection-start-column="34" selection-end-line="27" selection-end-column="34" />
        </state>
      </provider>
    </entry>
    <entry file="file://$PROJECT_DIR$/src/gif/frames/GIFFrame.as">
      <provider selected="true" editor-type-id="text-editor">
        <state relative-caret-position="0">
          <caret line="0" column="8" lean-forward="false" selection-start-line="0" selection-start-column="8" selection-end-line="0" selection-end-column="8" />
        </state>
      </provider>
    </entry>
    <entry file="file://$PROJECT_DIR$/src/gif/events/TimeoutEvent.as">
      <provider selected="true" editor-type-id="text-editor">
        <state relative-caret-position="0">
          <caret line="0" column="8" lean-forward="false" selection-start-line="0" selection-start-column="8" selection-end-line="0" selection-end-column="8" />
        </state>
      </provider>
    </entry>
    <entry file="file://$PROJECT_DIR$/src/gif/events/FrameEvent.as">
      <provider selected="true" editor-type-id="text-editor">
        <state relative-caret-position="51">
          <caret line="3" column="9" lean-forward="false" selection-start-line="3" selection-start-column="9" selection-end-line="3" selection-end-column="9" />
        </state>
      </provider>
    </entry>
    <entry file="file://$PROJECT_DIR$/src/gif/errors/FileTypeError.as">
      <provider selected="true" editor-type-id="text-editor">
        <state relative-caret-position="0">
          <caret line="0" column="18" lean-forward="false" selection-start-line="0" selection-start-column="18" selection-end-line="0" selection-end-column="18" />
        </state>
      </provider>
    </entry>
    <entry file="file://$PROJECT_DIR$/src/gif/encoder/NeuQuant.as">
      <provider selected="true" editor-type-id="text-editor">
        <state relative-caret-position="476">
          <caret line="28" column="8" lean-forward="false" selection-start-line="28" selection-start-column="8" selection-end-line="28" selection-end-column="8" />
        </state>
      </provider>
    </entry>
    <entry file="file://$PROJECT_DIR$/src/gif/events/FileTypeEvent.as">
      <provider selected="true" editor-type-id="text-editor">
        <state relative-caret-position="221">
          <caret line="13" column="1" lean-forward="false" selection-start-line="13" selection-start-column="0" selection-end-line="13" selection-end-column="1" />
        </state>
      </provider>
    </entry>
    <entry file="file://$PROJECT_DIR$/src/gif/encoder/GIFEncoder.as">
      <provider selected="true" editor-type-id="text-editor">
        <state relative-caret-position="289">
          <caret line="17" column="33" lean-forward="true" selection-start-line="17" selection-start-column="33" selection-end-line="17" selection-end-column="33" />
        </state>
      </provider>
    </entry>
    <entry file="file://$PROJECT_DIR$/src/gif/decoder/GIFDecoder.as">
      <provider selected="true" editor-type-id="text-editor">
        <state relative-caret-position="255">
          <caret line="15" column="9" lean-forward="false" selection-start-line="15" selection-start-column="9" selection-end-line="15" selection-end-column="9" />
        </state>
      </provider>
    </entry>
    <entry file="file://$PROJECT_DIR$/src/_02t/_lM_.as">
      <provider selected="true" editor-type-id="text-editor">
        <state relative-caret-position="0">
          <caret line="22" column="23" lean-forward="false" selection-start-line="22" selection-start-column="23" selection-end-line="22" selection-end-column="23" />
        </state>
      </provider>
    </entry>
    <entry file="file://$PROJECT_DIR$/src/Halloween/Halloween-Panda-Gif.gif">
      <provider selected="true" editor-type-id="images">
        <state />
      </provider>
    </entry>
    <entry file="file://$PROJECT_DIR$/src/Halloween/PandaGif.as">
      <provider selected="true" editor-type-id="text-editor">
        <state relative-caret-position="0">
          <caret line="7" column="23" lean-forward="false" selection-start-line="7" selection-start-column="23" selection-end-line="7" selection-end-column="23" />
        </state>
      </provider>
    </entry>
    <entry file="file://$PROJECT_DIR$/src/_0L_C_/_qO_.as">
      <provider selected="true" editor-type-id="text-editor">
        <state relative-caret-position="65">
          <caret line="34" column="14" lean-forward="false" selection-start-line="34" selection-start-column="14" selection-end-line="34" selection-end-column="14" />
        </state>
      </provider>
    </entry>
    <entry file="file://$PROJECT_DIR$/src/_custom_commands/SetGiveContainerUI.as">
      <provider selected="true" editor-type-id="text-editor">
        <state relative-caret-position="340">
          <caret line="20" column="48" lean-forward="true" selection-start-line="20" selection-start-column="42" selection-end-line="20" selection-end-column="48" />
        </state>
      </provider>
    </entry>
    <entry file="file://$PROJECT_DIR$/src/com/company/assembleegameclient/ui/FrameHolder.as">
      <provider selected="true" editor-type-id="text-editor">
        <state relative-caret-position="340">
          <caret line="21" column="45" lean-forward="true" selection-start-line="21" selection-start-column="45" selection-end-line="21" selection-end-column="45" />
        </state>
      </provider>
    </entry>
    <entry file="file://$PROJECT_DIR$/src/projectblogo.as">
      <provider selected="true" editor-type-id="text-editor">
        <state relative-caret-position="884">
          <caret line="91" column="11" lean-forward="false" selection-start-line="91" selection-start-column="11" selection-end-line="91" selection-end-column="11" />
          <folding />
        </state>
      </provider>
    </entry>
    <entry file="file://$PROJECT_DIR$/src/_0D_d/Crafting.as">
      <provider selected="true" editor-type-id="text-editor">
        <state relative-caret-position="170">
          <caret line="15" column="9" lean-forward="false" selection-start-line="15" selection-start-column="9" selection-end-line="15" selection-end-column="9" />
        </state>
      </provider>
    </entry>
    <entry file="file://$PROJECT_DIR$/src/com/company/util/GraphicHelper.as">
      <provider selected="true" editor-type-id="text-editor">
        <state relative-caret-position="1258">
          <caret line="84" column="27" lean-forward="false" selection-start-line="84" selection-start-column="27" selection-end-line="84" selection-end-column="27" />
        </state>
      </provider>
    </entry>
    <entry file="file://$PROJECT_DIR$/src/com/company/assembleegameclient/game/_07a.as">
      <provider selected="true" editor-type-id="text-editor">
        <state relative-caret-position="6664">
          <caret line="420" column="43" lean-forward="false" selection-start-line="420" selection-start-column="43" selection-end-line="420" selection-end-column="43" />
          <folding />
        </state>
      </provider>
    </entry>
    <entry file="file://$PROJECT_DIR$/src/com/company/assembleegameclient/ui/MarketplaceSlot.as">
      <provider selected="true" editor-type-id="text-editor">
        <state relative-caret-position="2006">
          <caret line="139" column="90" lean-forward="false" selection-start-line="139" selection-start-column="90" selection-end-line="139" selection-end-column="90" />
        </state>
      </provider>
    </entry>
    <entry file="file://$PROJECT_DIR$/src/_ke/_U_c.as">
      <provider selected="true" editor-type-id="text-editor">
        <state relative-caret-position="153">
          <caret line="10" column="24" lean-forward="false" selection-start-line="10" selection-start-column="24" selection-end-line="10" selection-end-column="24" />
          <folding />
        </state>
      </provider>
    </entry>
    <entry file="file://$PROJECT_DIR$/src/_0D_d/TextInput.as">
      <provider selected="true" editor-type-id="text-editor">
        <state relative-caret-position="515">
          <caret line="43" column="22" lean-forward="true" selection-start-line="43" selection-start-column="22" selection-end-line="43" selection-end-column="22" />
        </state>
      </provider>
    </entry>
    <entry file="file://$PROJECT_DIR$/src/com/company/assembleegameclient/objects/ObjectLibrary.as">
      <provider selected="true" editor-type-id="text-editor">
        <state relative-caret-position="680">
          <caret line="56" column="24" lean-forward="false" selection-start-line="56" selection-start-column="24" selection-end-line="56" selection-end-column="24" />
          <folding />
        </state>
      </provider>
    </entry>
    <entry file="file://$PROJECT_DIR$/src/_0A_g/GiveItem.as">
      <provider selected="true" editor-type-id="text-editor">
        <state relative-caret-position="119">
          <caret line="8" column="15" lean-forward="false" selection-start-line="8" selection-start-column="15" selection-end-line="8" selection-end-column="15" />
        </state>
      </provider>
    </entry>
    <entry file="file://$PROJECT_DIR$/src/_0D_d/Frame.as">
      <provider selected="true" editor-type-id="text-editor">
        <state relative-caret-position="663">
          <caret line="58" column="24" lean-forward="false" selection-start-line="58" selection-start-column="24" selection-end-line="58" selection-end-column="24" />
          <folding />
        </state>
      </provider>
    </entry>
    <entry file="file://$PROJECT_DIR$/src/com/company/util/BitmapUtil.as">
      <provider selected="true" editor-type-id="text-editor">
        <state relative-caret-position="187">
          <caret line="16" column="25" lean-forward="false" selection-start-line="16" selection-start-column="25" selection-end-line="16" selection-end-column="25" />
          <folding />
        </state>
      </provider>
    </entry>
    <entry file="file://$PROJECT_DIR$/src/com/company/assembleegameclient/net/PacketManager.as">
      <provider selected="true" editor-type-id="text-editor">
        <state relative-caret-position="289">
          <caret line="194" column="40" lean-forward="false" selection-start-line="194" selection-start-column="40" selection-end-line="194" selection-end-column="40" />
          <folding />
        </state>
      </provider>
    </entry>
    <entry file="file://$PROJECT_DIR$/src/_0D_d/GiveBoxSearcher.as">
      <provider selected="true" editor-type-id="text-editor">
        <state relative-caret-position="1615">
          <caret line="105" column="23" lean-forward="false" selection-start-line="105" selection-start-column="23" selection-end-line="105" selection-end-column="23" />
          <folding />
        </state>
      </provider>
    </entry>
    <entry file="file://$PROJECT_DIR$/src/_0D_d/DataChooser.as">
      <provider selected="true" editor-type-id="text-editor">
        <state relative-caret-position="1139">
          <caret line="83" column="11" lean-forward="false" selection-start-line="83" selection-start-column="11" selection-end-line="83" selection-end-column="11" />
          <folding />
        </state>
      </provider>
    </entry>
    <entry file="file://$PROJECT_DIR$/src/_0D_d/GiveBox.as">
      <provider selected="true" editor-type-id="text-editor">
        <state relative-caret-position="442">
          <caret line="28" column="21" lean-forward="false" selection-start-line="28" selection-start-column="21" selection-end-line="28" selection-end-column="21" />
          <folding>
            <element signature="e#64#93#0" expanded="true" />
          </folding>
        </state>
      </provider>
    </entry>
    <entry file="file://$PROJECT_DIR$/src/_0C_P_/Options.as">
      <provider selected="true" editor-type-id="text-editor">
        <state relative-caret-position="3043">
          <caret line="206" column="37" lean-forward="false" selection-start-line="206" selection-start-column="29" selection-end-line="206" selection-end-column="37" />
          <folding />
        </state>
      </provider>
    </entry>
    <entry file="file://$PROJECT_DIR$/src/com/company/assembleegameclient/parameters/Parameters.as">
      <provider selected="true" editor-type-id="text-editor">
        <state relative-caret-position="969">
          <caret line="86" column="14" lean-forward="true" selection-start-line="86" selection-start-column="14" selection-end-line="86" selection-end-column="14" />
          <folding />
        </state>
      </provider>
    </entry>
  </component>
  <component name="masterDetails">
    <states>
      <state key="ArtifactsStructureConfigurable.UI">
        <settings>
          <artifact-editor />
          <splitter-proportions>
            <option name="proportions">
              <list>
                <option value="0.2" />
              </list>
            </option>
          </splitter-proportions>
        </settings>
      </state>
      <state key="FacetStructureConfigurable.UI">
        <settings>
          <last-edited>No facets are configured</last-edited>
          <splitter-proportions>
            <option name="proportions">
              <list>
                <option value="0.2" />
              </list>
            </option>
          </splitter-proportions>
        </settings>
      </state>
      <state key="GlobalLibrariesConfigurable.UI">
        <settings>
          <splitter-proportions>
            <option name="proportions">
              <list>
                <option value="0.2" />
              </list>
            </option>
          </splitter-proportions>
        </settings>
      </state>
      <state key="JdkListConfigurable.UI">
        <settings>
          <last-edited>AIR</last-edited>
          <splitter-proportions>
            <option name="proportions">
              <list>
                <option value="0.2" />
              </list>
            </option>
          </splitter-proportions>
        </settings>
      </state>
      <state key="ModuleStructureConfigurable.UI">
        <settings>
          <last-edited>WebMain|RealmClient</last-edited>
          <splitter-proportions>
            <option name="proportions">
              <list>
                <option value="0.2" />
              </list>
            </option>
          </splitter-proportions>
        </settings>
      </state>
      <state key="ProjectJDKs.UI">
        <settings>
          <last-edited>Flex</last-edited>
          <splitter-proportions>
            <option name="proportions">
              <list>
                <option value="0.2" />
              </list>
            </option>
          </splitter-proportions>
        </settings>
      </state>
      <state key="ProjectLibrariesConfigurable.UI">
        <settings>
          <splitter-proportions>
            <option name="proportions">
              <list>
                <option value="0.2" />
              </list>
            </option>
          </splitter-proportions>
        </settings>
      </state>
    </states>
  </component>
</project>